Order ID,Date,Customer,Product,Category,Quantity,Price,Total
1,2025-02-02,Michael,Webcam,Accessories,5,350,1750
2,2025-03-17,Phillip,Webcam,Accessories,5,350,1750
3,2025-03-24,Joshua,Laptop,Computers,2,15000,30000
4,2024-11-20,Brandon,Headphones,Accessories,3,200,600
5,2025-02-19,Lisa,Webcam,Accessories,5,350,1750
6,2025-01-08,Patrick,Charger,Accessories,1,100,100
7,2024-12-20,Robin,Laptop,Computers,4,15000,60000
8,2024-11-24,Tanya,Mouse,Accessories,5,150,750
9,2025-02-18,Joseph,Headphones,Accessories,5,200,1000
10,2025-04-08,James,Webcam,Accessories,3,350,1050
11,2025-01-27,Oscar,Laptop,Computers,5,15000,75000
12,2025-02-09,Lisa,Laptop,Computers,1,15000,15000
13,2025-01-28,Ashley,Printer,Computers,2,2500,5000
14,2025-04-18,Vicki,Laptop,Computers,1,15000,15000
15,2025-01-21,Alexis,Webcam,Accessories,1,350,350
16,2025-05-18,Jonathan,Mouse,Accessories,1,150,150
17,2025-01-08,Amy,Laptop,Computers,4,15000,60000
18,2025-02-20,James,Smartphone,Mobiles,1,12000,12000
19,2025-04-20,Elizabeth,Printer,Computers,3,2500,7500
20,2024-12-22,Glenn,Mouse,Accessories,2,150,300
21,2025-01-12,Mark,Monitor,Computers,5,4000,20000
22,2025-02-13,Julie,Keyboard,Accessories,2,300,600
23,2025-04-09,Bryan,Tablet,Mobiles,4,8000,32000
24,2024-12-06,Judith,Monitor,Computers,4,4000,16000
25,2025-03-12,Eric,Mouse,Accessories,4,150,600
26,2025-01-13,Walter,Smartphone,Mobiles,3,12000,36000
27,2025-01-02,Carolyn,Mouse,Accessories,4,150,600
28,2024-12-17,Kelly,Monitor,Computers,1,4000,4000
29,2024-11-21,Marvin,Headphones,Accessories,4,200,800
30,2025-05-14,Eric,Printer,Computers,1,2500,2500
31,2025-02-18,Tracy,Keyboard,Accessories,2,300,600
32,2025-02-12,Monica,Smartphone,Mobiles,1,12000,12000
33,2025-01-30,Michael,Mouse,Accessories,1,150,150
34,2025-03-19,Meghan,Laptop,Computers,1,15000,15000
35,2024-12-09,John,Charger,Accessories,1,100,100
36,2025-02-20,Michael,Charger,Accessories,3,100,300
37,2025-02-07,Michael,Webcam,Accessories,4,350,1400
38,2025-02-25,David,Monitor,Computers,1,4000,4000
39,2025-04-05,Joseph,Headphones,Accessories,4,200,800
40,2024-12-23,Evan,Keyboard,Accessories,4,300,1200
41,2025-03-30,Michelle,Printer,Computers,1,2500,2500
42,2024-11-26,Dakota,Smartphone,Mobiles,5,12000,60000
43,2024-11-27,Luis,Smartphone,Mobiles,4,12000,48000
44,2025-04-11,David,Mouse,Accessories,1,150,150
45,2025-03-31,Jessica,Mouse,Accessories,4,150,600
46,2025-05-19,Carlos,Tablet,Mobiles,1,8000,8000
47,2024-12-22,Matthew,Monitor,Computers,3,4000,12000
48,2025-01-21,Larry,Monitor,Computers,4,4000,16000
49,2025-04-17,Brandy,Charger,Accessories,5,100,500
50,2024-11-22,Deborah,Keyboard,Accessories,1,300,300
51,2024-12-21,Tammy,Monitor,Computers,5,4000,20000
52,2025-04-21,Billy,Mouse,Accessories,5,150,750
53,2025-04-29,Katherine,Laptop,Computers,1,15000,15000
54,2025-01-26,Ashley,Laptop,Computers,3,15000,45000
55,2025-02-21,Christopher,Keyboard,Accessories,5,300,1500
56,2025-05-15,Jason,Webcam,Accessories,3,350,1050
57,2025-03-07,Brian,Laptop,Computers,2,15000,30000
58,2024-12-23,Linda,Smartphone,Mobiles,5,12000,60000
59,2025-05-13,Robert,Headphones,Accessories,4,200,800
60,2024-12-02,Ronnie,Headphones,Accessories,1,200,200
61,2024-12-08,Yolanda,Laptop,Computers,1,15000,15000
62,2024-12-22,Bobby,Mouse,Accessories,5,150,750
63,2025-03-30,Michael,Laptop,Computers,4,15000,60000
64,2025-03-31,Samuel,Mouse,Accessories,1,150,150
65,2025-04-05,Richard,Headphones,Accessories,4,200,800
66,2025-03-09,Alicia,Charger,Accessories,4,100,400
67,2025-01-07,Kevin,Keyboard,Accessories,3,300,900
68,2024-11-19,Daniel,Mouse,Accessories,5,150,750
69,2025-04-17,Kathryn,Keyboard,Accessories,5,300,1500
70,2025-03-28,Mark,Mouse,Accessories,4,150,600
71,2025-02-26,Anthony,Keyboard,Accessories,2,300,600
72,2025-02-03,Steven,Charger,Accessories,2,100,200
73,2025-01-15,Sheila,Tablet,Mobiles,3,8000,24000
74,2025-01-27,Nancy,Mouse,Accessories,3,150,450
75,2025-05-07,Carrie,Keyboard,Accessories,4,300,1200
76,2025-01-26,Kenneth,Webcam,Accessories,3,350,1050
77,2025-03-06,Joseph,Headphones,Accessories,2,200,400
78,2025-02-26,Deborah,Mouse,Accessories,3,150,450
79,2025-02-14,Manuel,Headphones,Accessories,5,200,1000
80,2024-11-25,Sheri,Headphones,Accessories,1,200,200
81,2024-12-30,Meghan,Laptop,Computers,1,15000,15000
82,2025-01-07,Pamela,Laptop,Computers,1,15000,15000
83,2025-04-18,Andrew,Smartphone,Mobiles,2,12000,24000
84,2025-02-01,Kimberly,Printer,Computers,3,2500,7500
85,2024-12-09,Robert,Monitor,Computers,5,4000,20000
86,2025-01-07,Douglas,Monitor,Computers,3,4000,12000
87,2025-03-11,Gary,Laptop,Computers,1,15000,15000
88,2025-01-07,James,Keyboard,Accessories,4,300,1200
89,2024-11-20,David,Webcam,Accessories,5,350,1750
90,2024-12-16,Kevin,Smartphone,Mobiles,5,12000,60000
91,2025-04-26,Betty,Headphones,Accessories,5,200,1000
92,2025-03-21,Craig,Laptop,Computers,1,15000,15000
93,2024-12-02,Victoria,Tablet,Mobiles,2,8000,16000
94,2025-02-02,Joseph,Webcam,Accessories,1,350,350
95,2025-05-07,Wanda,Webcam,Accessories,1,350,350
96,2025-03-31,Krystal,Headphones,Accessories,5,200,1000
97,2025-02-27,Cathy,Printer,Computers,1,2500,2500
98,2025-01-21,Tammy,Webcam,Accessories,3,350,1050
99,2025-03-11,Catherine,Smartphone,Mobiles,5,12000,60000
100,2025-04-24,Michael,Webcam,Accessories,5,350,1750
101,2025-03-26,Nicholas,Printer,Computers,4,2500,10000
102,2025-02-06,Gary,Tablet,Mobiles,1,8000,8000
103,2025-05-02,Benjamin,Keyboard,Accessories,1,300,300
104,2025-04-29,Vincent,Charger,Accessories,3,100,300
105,2025-03-27,Brandon,Keyboard,Accessories,2,300,600
106,2025-05-04,Anthony,Printer,Computers,4,2500,10000
107,2025-04-05,April,Monitor,Computers,2,4000,8000
108,2025-02-04,Ashley,Keyboard,Accessories,4,300,1200
109,2025-02-01,Christina,Charger,Accessories,5,100,500
110,2025-01-13,Rhonda,Charger,Accessories,5,100,500
111,2025-05-04,Elizabeth,Printer,Computers,2,2500,5000
112,2025-02-06,Becky,Printer,Computers,1,2500,2500
113,2024-12-19,Melissa,Charger,Accessories,5,100,500
114,2024-11-29,Lisa,Tablet,Mobiles,5,8000,40000
115,2024-11-23,Jose,Webcam,Accessories,5,350,1750
116,2025-04-12,Gordon,Charger,Accessories,2,100,200
117,2025-03-18,Marcus,Smartphone,Mobiles,2,12000,24000
118,2025-01-10,Katherine,Mouse,Accessories,3,150,450
119,2024-11-30,Tina,Keyboard,Accessories,3,300,900
120,2025-04-17,Kelly,Webcam,Accessories,1,350,350
121,2024-12-15,Anna,Headphones,Accessories,5,200,1000
122,2025-03-28,Susan,Printer,Computers,4,2500,10000
123,2025-03-14,Lacey,Keyboard,Accessories,3,300,900
124,2025-02-03,Mckenzie,Monitor,Computers,5,4000,20000
125,2025-03-28,Sergio,Webcam,Accessories,1,350,350
126,2025-05-14,Jennifer,Smartphone,Mobiles,2,12000,24000
127,2025-04-10,Kim,Printer,Computers,4,2500,10000
128,2025-01-18,Amber,Laptop,Computers,2,15000,30000
129,2025-01-08,Kenneth,Webcam,Accessories,2,350,700
130,2025-04-14,Kimberly,Mouse,Accessories,2,150,300
131,2024-12-30,Jillian,Laptop,Computers,4,15000,60000
132,2025-03-06,Kelli,Laptop,Computers,2,15000,30000
133,2025-04-06,Elizabeth,Monitor,Computers,2,4000,8000
134,2024-12-07,Michael,Webcam,Accessories,4,350,1400
135,2025-01-24,David,Webcam,Accessories,4,350,1400
136,2025-05-05,Jerry,Monitor,Computers,3,4000,12000
137,2025-03-10,Holly,Tablet,Mobiles,1,8000,8000
138,2025-01-15,Jason,Monitor,Computers,5,4000,20000
139,2025-04-29,Danielle,Tablet,Mobiles,5,8000,40000
140,2025-01-03,Meagan,Webcam,Accessories,4,350,1400
141,2025-04-18,Nicole,Mouse,Accessories,1,150,150
142,2025-03-25,Michael,Monitor,Computers,2,4000,8000
143,2024-12-03,Kyle,Smartphone,Mobiles,2,12000,24000
144,2025-02-21,Carlos,Laptop,Computers,4,15000,60000
145,2025-02-26,Stephanie,Monitor,Computers,5,4000,20000
146,2025-02-27,Renee,Headphones,Accessories,1,200,200
147,2025-02-11,Oscar,Webcam,Accessories,1,350,350
148,2025-05-13,Michelle,Monitor,Computers,2,4000,8000
149,2025-03-21,Brandon,Headphones,Accessories,5,200,1000
150,2025-03-28,Micheal,Laptop,Computers,2,15000,30000
151,2025-03-11,Cynthia,Printer,Computers,5,2500,12500
152,2025-04-04,Brittney,Webcam,Accessories,4,350,1400
153,2025-01-22,Lisa,Keyboard,Accessories,3,300,900
154,2024-12-12,Krista,Monitor,Computers,5,4000,20000
155,2025-02-03,Joshua,Laptop,Computers,4,15000,60000
156,2025-02-28,Carol,Keyboard,Accessories,4,300,1200
157,2025-01-03,Brenda,Tablet,Mobiles,2,8000,16000
158,2024-11-21,Nathan,Tablet,Mobiles,4,8000,32000
159,2025-01-03,Wayne,Headphones,Accessories,3,200,600
160,2024-12-29,Joseph,Printer,Computers,3,2500,7500
161,2025-05-17,Joseph,Monitor,Computers,2,4000,8000
162,2024-12-11,Jessica,Webcam,Accessories,3,350,1050
163,2024-12-03,Jo,Monitor,Computers,1,4000,4000
164,2025-01-27,Hannah,Headphones,Accessories,4,200,800
165,2024-11-30,Patrick,Keyboard,Accessories,3,300,900
166,2025-02-19,Carrie,Keyboard,Accessories,4,300,1200
167,2025-02-27,Timothy,Tablet,Mobiles,2,8000,16000
168,2024-12-20,Robert,Tablet,Mobiles,5,8000,40000
169,2025-02-13,Charlotte,Mouse,Accessories,4,150,600
170,2025-05-18,Chad,Headphones,Accessories,5,200,1000
171,2025-04-20,Hannah,Monitor,Computers,2,4000,8000
172,2025-01-10,Mark,Headphones,Accessories,4,200,800
173,2024-12-31,Mark,Tablet,Mobiles,5,8000,40000
174,2025-03-16,Timothy,Laptop,Computers,2,15000,30000
175,2025-03-01,David,Headphones,Accessories,4,200,800
176,2025-03-11,Linda,Mouse,Accessories,1,150,150
177,2025-02-17,Matthew,Printer,Computers,1,2500,2500
178,2025-04-01,Terri,Smartphone,Mobiles,4,12000,48000
179,2025-05-15,Peter,Webcam,Accessories,3,350,1050
180,2025-03-30,Cynthia,Headphones,Accessories,3,200,600
181,2024-12-02,Jessica,Smartphone,Mobiles,5,12000,60000
182,2024-12-13,Susan,Smartphone,Mobiles,1,12000,12000
183,2025-05-13,Melissa,Tablet,Mobiles,2,8000,16000
184,2025-03-11,Tyler,Keyboard,Accessories,3,300,900
185,2024-12-20,Jennifer,Tablet,Mobiles,2,8000,16000
186,2025-01-27,Catherine,Laptop,Computers,1,15000,15000
187,2025-05-15,Erin,Smartphone,Mobiles,2,12000,24000
188,2025-05-16,Carmen,Keyboard,Accessories,4,300,1200
189,2025-05-11,Kimberly,Smartphone,Mobiles,2,12000,24000
190,2025-03-21,Pam,Mouse,Accessories,3,150,450
191,2024-12-06,Christine,Tablet,Mobiles,3,8000,24000
192,2025-05-12,Jennifer,Charger,Accessories,5,100,500
193,2024-12-08,Christopher,Mouse,Accessories,2,150,300
194,2024-12-11,Travis,Charger,Accessories,4,100,400
195,2025-03-13,Robert,Monitor,Computers,1,4000,4000
196,2025-05-15,Michael,Charger,Accessories,1,100,100
197,2024-12-24,Scott,Monitor,Computers,1,4000,4000
198,2025-04-11,Lori,Monitor,Computers,5,4000,20000
199,2024-12-21,Christina,Webcam,Accessories,1,350,350
200,2024-11-30,Brenda,Keyboard,Accessories,4,300,1200
201,2024-12-24,Lori,Mouse,Accessories,3,150,450
202,2025-01-08,Reginald,Printer,Computers,1,2500,2500
203,2025-03-16,Nicole,Printer,Computers,5,2500,12500
204,2025-05-16,Peter,Headphones,Accessories,1,200,200
205,2025-02-27,Matthew,Mouse,Accessories,1,150,150
206,2024-12-06,Tracy,Smartphone,Mobiles,1,12000,12000
207,2025-05-09,Breanna,Monitor,Computers,3,4000,12000
208,2024-12-03,Timothy,Mouse,Accessories,5,150,750
209,2025-05-19,Thomas,Laptop,Computers,5,15000,75000
210,2025-04-24,Holly,Webcam,Accessories,2,350,700
211,2024-11-21,Paul,Mouse,Accessories,2,150,300
212,2024-12-21,Jeffrey,Laptop,Computers,5,15000,75000
213,2024-12-04,Deanna,Mouse,Accessories,4,150,600
214,2025-05-16,Nichole,Smartphone,Mobiles,4,12000,48000
215,2025-04-29,Anthony,Headphones,Accessories,4,200,800
216,2025-05-15,Karen,Webcam,Accessories,2,350,700
217,2025-03-14,Shelby,Printer,Computers,1,2500,2500
218,2025-01-11,Barbara,Smartphone,Mobiles,5,12000,60000
219,2025-01-22,Kenneth,Monitor,Computers,3,4000,12000
220,2025-02-25,Angela,Keyboard,Accessories,5,300,1500
221,2025-01-08,Michelle,Printer,Computers,5,2500,12500
222,2025-04-12,Darryl,Headphones,Accessories,4,200,800
223,2025-05-03,Kathleen,Charger,Accessories,4,100,400
224,2024-12-16,Chad,Headphones,Accessories,3,200,600
225,2025-02-10,Derek,Smartphone,Mobiles,5,12000,60000
226,2025-04-30,Jose,Headphones,Accessories,3,200,600
227,2025-05-13,Brittney,Tablet,Mobiles,5,8000,40000
228,2025-01-28,Emily,Laptop,Computers,4,15000,60000
229,2025-03-19,Gary,Mouse,Accessories,3,150,450
230,2024-12-14,Alejandro,Tablet,Mobiles,4,8000,32000
231,2025-04-29,Kim,Headphones,Accessories,3,200,600
232,2024-12-20,Dylan,Charger,Accessories,1,100,100
233,2025-05-09,Haley,Charger,Accessories,5,100,500
234,2024-12-19,Troy,Laptop,Computers,4,15000,60000
235,2025-04-04,Mark,Laptop,Computers,4,15000,60000
236,2025-01-28,Joshua,Charger,Accessories,2,100,200
237,2024-12-17,Katherine,Laptop,Computers,2,15000,30000
238,2025-04-05,Jennifer,Mouse,Accessories,1,150,150
239,2024-12-12,Jay,Monitor,Computers,5,4000,20000
240,2024-11-28,Tammy,Laptop,Computers,2,15000,30000
241,2025-05-02,David,Tablet,Mobiles,2,8000,16000
242,2025-01-05,Kayla,Smartphone,Mobiles,4,12000,48000
243,2025-01-01,Linda,Webcam,Accessories,2,350,700
244,2025-01-01,Anna,Printer,Computers,4,2500,10000
245,2025-04-01,Christie,Headphones,Accessories,4,200,800
246,2024-11-30,Brittany,Charger,Accessories,3,100,300
247,2025-04-08,Rachael,Smartphone,Mobiles,1,12000,12000
248,2025-05-07,Linda,Smartphone,Mobiles,1,12000,12000
249,2025-03-07,Ray,Keyboard,Accessories,1,300,300
250,2025-04-02,Lori,Tablet,Mobiles,5,8000,40000
251,2025-02-13,Scott,Headphones,Accessories,3,200,600
252,2025-05-10,Stacy,Webcam,Accessories,3,350,1050
253,2025-02-19,Christopher,Charger,Accessories,2,100,200
254,2025-03-11,Carol,Tablet,Mobiles,1,8000,8000
255,2025-01-10,Debra,Keyboard,Accessories,1,300,300
256,2025-01-08,Tiffany,Mouse,Accessories,1,150,150
257,2025-01-04,Travis,Laptop,Computers,2,15000,30000
258,2024-12-15,Rebekah,Smartphone,Mobiles,5,12000,60000
259,2025-03-26,Thomas,Laptop,Computers,1,15000,15000
260,2025-04-02,Cameron,Laptop,Computers,2,15000,30000
261,2025-03-08,Paul,Smartphone,Mobiles,2,12000,24000
262,2025-01-09,Matthew,Smartphone,Mobiles,4,12000,48000
263,2025-02-26,Jennifer,Monitor,Computers,1,4000,4000
264,2024-12-18,Brittany,Laptop,Computers,2,15000,30000
265,2025-02-02,Kimberly,Printer,Computers,3,2500,7500
266,2025-03-21,Alexander,Monitor,Computers,2,4000,8000
267,2025-01-06,Terry,Monitor,Computers,2,4000,8000
268,2025-01-24,Julia,Webcam,Accessories,2,350,700
269,2025-02-21,Amanda,Laptop,Computers,4,15000,60000
270,2025-03-29,Crystal,Monitor,Computers,3,4000,12000
271,2024-11-20,Michael,Tablet,Mobiles,1,8000,8000
272,2025-03-19,Jeremy,Charger,Accessories,5,100,500
273,2025-02-19,Joshua,Keyboard,Accessories,5,300,1500
274,2024-12-26,Corey,Tablet,Mobiles,5,8000,40000
275,2025-02-07,Ryan,Charger,Accessories,4,100,400
276,2025-02-16,Carlos,Tablet,Mobiles,2,8000,16000
277,2025-04-21,Manuel,Smartphone,Mobiles,5,12000,60000
278,2024-12-10,James,Printer,Computers,2,2500,5000
279,2025-01-03,Brian,Printer,Computers,4,2500,10000
280,2025-02-20,Ross,Monitor,Computers,3,4000,12000
281,2025-02-25,Luis,Mouse,Accessories,4,150,600
282,2025-01-17,Kendra,Mouse,Accessories,3,150,450
283,2025-03-08,James,Monitor,Computers,3,4000,12000
284,2025-01-09,Cody,Smartphone,Mobiles,2,12000,24000
285,2024-12-31,Richard,Tablet,Mobiles,4,8000,32000
286,2025-05-18,Patricia,Keyboard,Accessories,1,300,300
287,2025-02-04,Anthony,Printer,Computers,2,2500,5000
288,2024-11-26,Sara,Keyboard,Accessories,2,300,600
289,2025-04-13,Barbara,Tablet,Mobiles,4,8000,32000
290,2025-04-09,Robert,Tablet,Mobiles,5,8000,40000
291,2025-01-04,Jeremy,Webcam,Accessories,1,350,350
292,2025-04-16,Michael,Mouse,Accessories,1,150,150
293,2025-02-15,Jeffrey,Charger,Accessories,2,100,200
294,2025-05-13,Jared,Keyboard,Accessories,3,300,900
295,2025-01-16,Stephanie,Smartphone,Mobiles,2,12000,24000
296,2024-12-18,Brandi,Mouse,Accessories,1,150,150
297,2025-01-09,William,Monitor,Computers,2,4000,8000
298,2025-05-11,Richard,Webcam,Accessories,3,350,1050
299,2024-12-07,Joseph,Headphones,Accessories,2,200,400
300,2025-03-27,Melissa,Laptop,Computers,1,15000,15000
301,2025-03-25,Hunter,Keyboard,Accessories,5,300,1500
302,2024-12-28,Robert,Charger,Accessories,3,100,300
303,2025-01-02,Marc,Printer,Computers,2,2500,5000
304,2025-03-19,Kelly,Webcam,Accessories,4,350,1400
305,2025-04-01,Travis,Smartphone,Mobiles,3,12000,36000
306,2025-03-23,Lori,Mouse,Accessories,4,150,600
307,2024-12-28,Christine,Smartphone,Mobiles,1,12000,12000
308,2024-11-19,Eric,Printer,Computers,3,2500,7500
309,2025-01-15,Karen,Webcam,Accessories,5,350,1750
310,2025-01-30,John,Headphones,Accessories,3,200,600
311,2025-04-19,Kathy,Monitor,Computers,1,4000,4000
312,2025-02-25,Frank,Keyboard,Accessories,2,300,600
313,2025-03-19,Karen,Printer,Computers,5,2500,12500
314,2025-01-15,Shane,Tablet,Mobiles,1,8000,8000
315,2025-02-04,John,Webcam,Accessories,3,350,1050
316,2025-03-09,Rebecca,Tablet,Mobiles,3,8000,24000
317,2025-03-16,John,Printer,Computers,1,2500,2500
318,2025-05-19,Steven,Mouse,Accessories,4,150,600
319,2025-05-08,Edward,Keyboard,Accessories,3,300,900
320,2025-04-06,Victoria,Keyboard,Accessories,3,300,900
321,2025-02-17,Jeffrey,Charger,Accessories,3,100,300
322,2024-12-05,Derek,Charger,Accessories,1,100,100
323,2024-11-27,Patricia,Tablet,Mobiles,3,8000,24000
324,2025-01-31,Sarah,Printer,Computers,5,2500,12500
325,2025-01-05,Joseph,Laptop,Computers,4,15000,60000
326,2025-04-06,Abigail,Laptop,Computers,5,15000,75000
327,2025-05-04,Tammy,Keyboard,Accessories,5,300,1500
328,2025-03-11,Sheena,Keyboard,Accessories,4,300,1200
329,2025-04-09,Monique,Monitor,Computers,1,4000,4000
330,2025-02-13,Luis,Printer,Computers,2,2500,5000
331,2025-03-10,Kyle,Charger,Accessories,2,100,200
332,2025-01-13,Mary,Webcam,Accessories,1,350,350
333,2025-01-15,Alexandria,Mouse,Accessories,4,150,600
334,2025-05-06,David,Webcam,Accessories,4,350,1400
335,2025-01-09,Amy,Tablet,Mobiles,2,8000,16000
336,2025-02-14,Jacob,Smartphone,Mobiles,3,12000,36000
337,2025-03-03,David,Laptop,Computers,4,15000,60000
338,2025-04-10,Joshua,Printer,Computers,4,2500,10000
339,2025-03-17,Ellen,Printer,Computers,2,2500,5000
340,2025-03-30,Caleb,Monitor,Computers,5,4000,20000
341,2025-05-06,Mary,Keyboard,Accessories,4,300,1200
342,2024-11-21,Andrea,Headphones,Accessories,5,200,1000
343,2025-04-12,Molly,Webcam,Accessories,4,350,1400
344,2025-03-27,Timothy,Monitor,Computers,2,4000,8000
345,2025-02-05,Sarah,Keyboard,Accessories,4,300,1200
346,2025-04-01,Michael,Printer,Computers,3,2500,7500
347,2025-03-15,Mary,Smartphone,Mobiles,4,12000,48000
348,2025-02-11,Calvin,Keyboard,Accessories,2,300,600
349,2025-03-31,Roy,Keyboard,Accessories,5,300,1500
350,2025-01-03,Justin,Smartphone,Mobiles,1,12000,12000
351,2025-04-25,Christina,Monitor,Computers,1,4000,4000
352,2024-12-12,Stephen,Headphones,Accessories,2,200,400
353,2025-03-31,Lisa,Tablet,Mobiles,1,8000,8000
354,2025-01-25,Erica,Charger,Accessories,2,100,200
355,2025-03-20,Alyssa,Mouse,Accessories,3,150,450
356,2025-02-27,Brenda,Laptop,Computers,3,15000,45000
357,2024-12-23,Kelli,Webcam,Accessories,3,350,1050
358,2025-04-11,Ronnie,Smartphone,Mobiles,1,12000,12000
359,2024-12-13,Tara,Monitor,Computers,4,4000,16000
360,2025-04-25,Angela,Laptop,Computers,5,15000,75000
361,2025-01-31,Nicholas,Tablet,Mobiles,5,8000,40000
362,2025-02-20,Catherine,Mouse,Accessories,5,150,750
363,2025-05-12,Michael,Webcam,Accessories,4,350,1400
364,2024-12-21,Robert,Mouse,Accessories,4,150,600
365,2025-05-12,Jeffrey,Smartphone,Mobiles,4,12000,48000
366,2025-01-15,Sharon,Headphones,Accessories,4,200,800
367,2024-12-31,Aaron,Webcam,Accessories,5,350,1750
368,2025-01-27,Jessica,Charger,Accessories,4,100,400
369,2025-02-23,Lance,Mouse,Accessories,3,150,450
370,2025-01-01,Lisa,Tablet,Mobiles,3,8000,24000
371,2025-04-09,Russell,Laptop,Computers,4,15000,60000
372,2025-01-05,Jacob,Charger,Accessories,4,100,400
373,2025-01-02,Kristina,Webcam,Accessories,2,350,700
374,2025-04-29,Anthony,Keyboard,Accessories,4,300,1200
375,2024-12-05,Kevin,Keyboard,Accessories,2,300,600
376,2025-03-30,Kimberly,Printer,Computers,5,2500,12500
377,2025-04-06,Richard,Mouse,Accessories,2,150,300
378,2025-04-08,Jill,Webcam,Accessories,5,350,1750
379,2025-04-29,Harry,Laptop,Computers,5,15000,75000
380,2024-11-30,Stephanie,Smartphone,Mobiles,3,12000,36000
381,2025-01-05,James,Smartphone,Mobiles,2,12000,24000
382,2025-04-29,Michael,Webcam,Accessories,3,350,1050
383,2025-02-19,Laura,Smartphone,Mobiles,2,12000,24000
384,2025-01-08,Cameron,Tablet,Mobiles,5,8000,40000
385,2024-11-24,Matthew,Keyboard,Accessories,5,300,1500
386,2025-02-19,Susan,Mouse,Accessories,5,150,750
387,2024-12-20,Jamie,Smartphone,Mobiles,1,12000,12000
388,2025-05-04,Jonathan,Webcam,Accessories,3,350,1050
389,2024-12-02,Raymond,Mouse,Accessories,3,150,450
390,2025-05-04,Christine,Webcam,Accessories,5,350,1750
391,2025-03-04,Adriana,Monitor,Computers,2,4000,8000
392,2025-04-08,Arthur,Smartphone,Mobiles,3,12000,36000
393,2025-02-19,Mary,Keyboard,Accessories,2,300,600
394,2025-03-14,Jennifer,Keyboard,Accessories,5,300,1500
395,2025-02-13,Wanda,Tablet,Mobiles,3,8000,24000
396,2025-05-07,Antonio,Smartphone,Mobiles,5,12000,60000
397,2025-02-25,Jacqueline,Mouse,Accessories,5,150,750
398,2025-01-04,Erik,Smartphone,Mobiles,2,12000,24000
399,2025-02-04,Sonya,Monitor,Computers,2,4000,8000
400,2025-04-15,Kelly,Printer,Computers,5,2500,12500
401,2025-02-26,Craig,Monitor,Computers,4,4000,16000
402,2025-02-28,Tabitha,Laptop,Computers,4,15000,60000
403,2025-05-16,George,Smartphone,Mobiles,1,12000,12000
404,2024-12-10,Brandy,Keyboard,Accessories,5,300,1500
405,2025-04-10,Kathy,Headphones,Accessories,1,200,200
406,2025-01-23,Erika,Charger,Accessories,5,100,500
407,2025-01-31,Gregory,Keyboard,Accessories,4,300,1200
408,2025-04-12,Priscilla,Keyboard,Accessories,1,300,300
409,2025-05-02,Nicole,Smartphone,Mobiles,5,12000,60000
410,2025-02-20,Lee,Webcam,Accessories,5,350,1750
411,2025-03-04,Cory,Webcam,Accessories,3,350,1050
412,2025-02-05,Richard,Webcam,Accessories,4,350,1400
413,2025-05-09,Tina,Charger,Accessories,1,100,100
414,2025-05-02,Mark,Webcam,Accessories,1,350,350
415,2025-05-10,Susan,Printer,Computers,1,2500,2500
416,2025-03-05,Ryan,Mouse,Accessories,3,150,450
417,2024-12-04,Michael,Mouse,Accessories,3,150,450
418,2025-01-31,Donna,Tablet,Mobiles,5,8000,40000
419,2025-05-01,Angela,Monitor,Computers,5,4000,20000
420,2024-12-21,Randy,Tablet,Mobiles,1,8000,8000
421,2024-12-15,Stephanie,Laptop,Computers,4,15000,60000
422,2025-02-21,Heather,Webcam,Accessories,4,350,1400
423,2025-01-30,Henry,Smartphone,Mobiles,1,12000,12000
424,2024-12-08,Jennifer,Laptop,Computers,5,15000,75000
425,2024-12-21,Matthew,Mouse,Accessories,5,150,750
426,2025-02-14,Rebecca,Keyboard,Accessories,3,300,900
427,2025-01-05,Dylan,Headphones,Accessories,2,200,400
428,2024-12-25,Stacey,Mouse,Accessories,4,150,600
429,2025-01-11,Patricia,Monitor,Computers,5,4000,20000
430,2025-03-01,Jonathon,Smartphone,Mobiles,4,12000,48000
431,2025-03-03,Breanna,Laptop,Computers,1,15000,15000
432,2025-05-09,Donna,Laptop,Computers,1,15000,15000
433,2024-11-23,Lisa,Keyboard,Accessories,2,300,600
434,2024-12-30,Catherine,Laptop,Computers,2,15000,30000
435,2025-01-22,Victoria,Headphones,Accessories,1,200,200
436,2025-02-05,Karen,Printer,Computers,5,2500,12500
437,2025-04-08,Alyssa,Mouse,Accessories,4,150,600
438,2025-03-30,Jonathan,Headphones,Accessories,5,200,1000
439,2025-01-31,Hector,Tablet,Mobiles,3,8000,24000
440,2025-05-02,Monica,Keyboard,Accessories,2,300,600
441,2025-02-24,Joseph,Keyboard,Accessories,2,300,600
442,2024-12-11,Chris,Laptop,Computers,3,15000,45000
443,2025-04-02,Brenda,Printer,Computers,3,2500,7500
444,2024-12-04,Robert,Webcam,Accessories,1,350,350
445,2024-11-24,Frederick,Charger,Accessories,5,100,500
446,2025-03-15,Darrell,Monitor,Computers,5,4000,20000
447,2025-05-06,Pamela,Keyboard,Accessories,3,300,900
448,2024-12-05,James,Monitor,Computers,4,4000,16000
449,2025-02-19,Katie,Tablet,Mobiles,1,8000,8000
450,2024-12-28,Michael,Headphones,Accessories,4,200,800
451,2025-03-17,Jay,Webcam,Accessories,5,350,1750
452,2025-05-19,Jessica,Headphones,Accessories,5,200,1000
453,2025-03-13,Cheyenne,Headphones,Accessories,2,200,400
454,2025-02-14,Michael,Mouse,Accessories,4,150,600
455,2025-01-18,Jennifer,Headphones,Accessories,2,200,400
456,2025-02-22,James,Charger,Accessories,3,100,300
457,2025-01-28,Robert,Tablet,Mobiles,3,8000,24000
458,2025-02-15,Gina,Charger,Accessories,5,100,500
459,2025-05-10,James,Printer,Computers,3,2500,7500
460,2025-01-29,Brianna,Keyboard,Accessories,1,300,300
461,2025-02-12,Christina,Keyboard,Accessories,2,300,600
462,2025-03-13,Daniel,Keyboard,Accessories,1,300,300
463,2024-12-07,Melanie,Headphones,Accessories,3,200,600
464,2025-01-14,Elizabeth,Charger,Accessories,3,100,300
465,2025-01-27,Jessica,Mouse,Accessories,4,150,600
466,2024-12-15,Deanna,Tablet,Mobiles,5,8000,40000
467,2025-02-15,Samantha,Charger,Accessories,2,100,200
468,2024-12-29,Michael,Smartphone,Mobiles,5,12000,60000
469,2025-01-08,Joanna,Keyboard,Accessories,5,300,1500
470,2025-03-15,Jason,Mouse,Accessories,5,150,750
471,2025-03-04,Danny,Monitor,Computers,5,4000,20000
472,2025-01-23,Sharon,Charger,Accessories,2,100,200
473,2024-12-22,Julie,Keyboard,Accessories,5,300,1500
474,2024-12-31,Jacqueline,Printer,Computers,5,2500,12500
475,2025-02-26,Christopher,Mouse,Accessories,2,150,300
476,2025-04-12,Sierra,Smartphone,Mobiles,5,12000,60000
477,2024-11-20,Alicia,Laptop,Computers,2,15000,30000
478,2024-12-10,Samantha,Monitor,Computers,2,4000,8000
479,2025-01-31,Deborah,Keyboard,Accessories,4,300,1200
480,2024-11-24,Brandon,Keyboard,Accessories,2,300,600
481,2024-12-12,Scott,Charger,Accessories,3,100,300
482,2025-04-09,Marco,Charger,Accessories,3,100,300
483,2025-02-08,Alicia,Laptop,Computers,3,15000,45000
484,2024-11-20,Jacob,Mouse,Accessories,1,150,150
485,2025-01-30,Ellen,Laptop,Computers,5,15000,75000
486,2025-01-19,Mary,Laptop,Computers,4,15000,60000
487,2025-02-28,Martha,Headphones,Accessories,1,200,200
488,2025-05-05,Kurt,Tablet,Mobiles,1,8000,8000
489,2025-03-28,Robin,Printer,Computers,1,2500,2500
490,2025-04-29,Sheila,Headphones,Accessories,5,200,1000
491,2025-01-25,Jonathan,Mouse,Accessories,5,150,750
492,2024-12-10,Karen,Laptop,Computers,3,15000,45000
493,2024-12-10,Jill,Headphones,Accessories,2,200,400
494,2024-11-19,Monica,Webcam,Accessories,4,350,1400
495,2025-01-27,Michelle,Mouse,Accessories,2,150,300
496,2025-05-04,Tanya,Webcam,Accessories,1,350,350
497,2025-03-25,Mary,Charger,Accessories,2,100,200
498,2025-05-14,Kirsten,Laptop,Computers,4,15000,60000
499,2025-04-08,James,Mouse,Accessories,3,150,450
500,2025-04-12,Brianna,Tablet,Mobiles,1,8000,8000
501,2025-02-21,Victoria,Keyboard,Accessories,1,300,300
502,2025-02-10,Herbert,Keyboard,Accessories,3,300,900
503,2024-12-18,James,Charger,Accessories,5,100,500
504,2025-04-12,Angel,Tablet,Mobiles,3,8000,24000
505,2025-01-26,Jade,Headphones,Accessories,5,200,1000
506,2025-04-28,Rachel,Tablet,Mobiles,2,8000,16000
507,2025-02-04,John,Headphones,Accessories,2,200,400
508,2024-11-19,Mackenzie,Charger,Accessories,4,100,400
509,2024-12-23,Kelly,Webcam,Accessories,3,350,1050
510,2025-04-26,Joshua,Charger,Accessories,3,100,300
511,2025-01-21,Christopher,Tablet,Mobiles,4,8000,32000
512,2025-02-05,Luke,Laptop,Computers,1,15000,15000
513,2025-03-10,Scott,Laptop,Computers,2,15000,30000
514,2025-03-04,David,Charger,Accessories,4,100,400
515,2025-01-25,Alexander,Printer,Computers,3,2500,7500
516,2025-02-07,Sarah,Keyboard,Accessories,4,300,1200
517,2025-04-05,Melanie,Laptop,Computers,2,15000,30000
518,2025-02-25,Hannah,Headphones,Accessories,3,200,600
519,2025-05-01,Jacqueline,Keyboard,Accessories,5,300,1500
520,2025-02-26,Samantha,Charger,Accessories,1,100,100
521,2024-12-30,Cindy,Smartphone,Mobiles,5,12000,60000
522,2025-02-10,Jenna,Printer,Computers,5,2500,12500
523,2025-02-26,Thomas,Laptop,Computers,1,15000,15000
524,2024-12-05,Tracy,Printer,Computers,5,2500,12500
525,2024-12-21,Scott,Smartphone,Mobiles,3,12000,36000
526,2025-03-31,Gary,Keyboard,Accessories,3,300,900
527,2025-03-16,Heather,Laptop,Computers,1,15000,15000
528,2025-05-07,Joe,Webcam,Accessories,1,350,350
529,2024-12-01,Heather,Tablet,Mobiles,4,8000,32000
530,2024-12-13,Lauren,Smartphone,Mobiles,3,12000,36000
531,2025-03-07,Logan,Tablet,Mobiles,3,8000,24000
532,2025-01-14,Jacob,Keyboard,Accessories,5,300,1500
533,2025-05-06,Mary,Charger,Accessories,1,100,100
534,2024-12-01,Corey,Monitor,Computers,4,4000,16000
535,2024-12-02,Paul,Tablet,Mobiles,4,8000,32000
536,2025-04-21,Mark,Laptop,Computers,1,15000,15000
537,2025-04-22,Emily,Mouse,Accessories,5,150,750
538,2025-01-01,Patrick,Tablet,Mobiles,2,8000,16000
539,2024-12-11,Brenda,Mouse,Accessories,2,150,300
540,2025-04-26,Kimberly,Charger,Accessories,1,100,100
541,2024-12-10,Andrew,Smartphone,Mobiles,1,12000,12000
542,2025-04-16,Jacob,Keyboard,Accessories,2,300,600
543,2024-12-03,Jessica,Webcam,Accessories,5,350,1750
544,2025-03-05,Jose,Laptop,Computers,2,15000,30000
545,2025-01-14,Emily,Headphones,Accessories,4,200,800
546,2025-04-24,Lisa,Tablet,Mobiles,1,8000,8000
547,2025-03-04,Randall,Headphones,Accessories,4,200,800
548,2024-12-13,Jack,Charger,Accessories,3,100,300
549,2025-01-28,Daniel,Charger,Accessories,3,100,300
550,2025-05-04,Laurie,Tablet,Mobiles,3,8000,24000
551,2025-04-30,Rachel,Laptop,Computers,1,15000,15000
552,2024-12-08,Monique,Webcam,Accessories,3,350,1050
553,2024-12-22,Mary,Tablet,Mobiles,2,8000,16000
554,2025-03-17,Kevin,Charger,Accessories,5,100,500
555,2025-03-20,Steven,Monitor,Computers,5,4000,20000
556,2025-02-09,Andre,Smartphone,Mobiles,5,12000,60000
557,2024-12-25,Tyler,Webcam,Accessories,5,350,1750
558,2025-05-03,Cody,Mouse,Accessories,1,150,150
559,2025-05-14,Amy,Laptop,Computers,3,15000,45000
560,2025-02-24,Audrey,Monitor,Computers,5,4000,20000
561,2025-02-09,Daniel,Laptop,Computers,1,15000,15000
562,2024-12-30,Amy,Laptop,Computers,1,15000,15000
563,2025-01-22,Wanda,Webcam,Accessories,4,350,1400
564,2025-01-05,Wesley,Laptop,Computers,2,15000,30000
565,2025-01-23,Jasmine,Monitor,Computers,3,4000,12000
566,2024-12-02,Cindy,Keyboard,Accessories,3,300,900
567,2025-02-22,Emily,Printer,Computers,1,2500,2500
568,2024-12-23,Katherine,Mouse,Accessories,2,150,300
569,2025-03-19,Nancy,Charger,Accessories,4,100,400
570,2024-12-22,David,Tablet,Mobiles,2,8000,16000
571,2024-12-18,Joseph,Charger,Accessories,4,100,400
572,2025-01-26,Cory,Webcam,Accessories,1,350,350
573,2025-02-27,Amanda,Webcam,Accessories,5,350,1750
574,2025-05-19,Justin,Printer,Computers,5,2500,12500
575,2025-02-02,Brian,Keyboard,Accessories,3,300,900
576,2024-12-08,Steven,Keyboard,Accessories,2,300,600
577,2025-03-01,Emily,Laptop,Computers,3,15000,45000
578,2025-02-08,Breanna,Monitor,Computers,5,4000,20000
579,2025-04-09,Scott,Printer,Computers,1,2500,2500
580,2025-01-11,Ronald,Laptop,Computers,5,15000,75000
581,2025-03-13,Carol,Smartphone,Mobiles,2,12000,24000
582,2024-11-26,Mark,Monitor,Computers,2,4000,8000
583,2024-12-14,Laurie,Headphones,Accessories,5,200,1000
584,2025-03-31,David,Tablet,Mobiles,3,8000,24000
585,2025-02-21,Laura,Tablet,Mobiles,1,8000,8000
586,2025-02-13,Rebecca,Headphones,Accessories,2,200,400
587,2025-03-15,Jeffrey,Smartphone,Mobiles,1,12000,12000
588,2025-04-11,Samuel,Webcam,Accessories,2,350,700
589,2025-02-05,Mary,Smartphone,Mobiles,5,12000,60000
590,2024-11-19,Heather,Tablet,Mobiles,5,8000,40000
591,2025-02-25,Joshua,Headphones,Accessories,4,200,800
592,2024-11-29,James,Webcam,Accessories,3,350,1050
593,2025-02-07,Eric,Keyboard,Accessories,3,300,900
594,2025-01-17,Michele,Charger,Accessories,3,100,300
595,2024-11-24,Miranda,Webcam,Accessories,4,350,1400
596,2024-12-24,John,Monitor,Computers,1,4000,4000
597,2024-12-25,Michelle,Laptop,Computers,5,15000,75000
598,2024-12-02,Brett,Charger,Accessories,1,100,100
599,2024-12-18,Cheryl,Charger,Accessories,2,100,200
600,2024-12-04,Alejandro,Smartphone,Mobiles,3,12000,36000
601,2025-05-18,Kristen,Monitor,Computers,2,4000,8000
602,2025-05-18,Steven,Tablet,Mobiles,5,8000,40000
603,2025-04-24,Veronica,Printer,Computers,2,2500,5000
604,2025-01-04,Kimberly,Headphones,Accessories,4,200,800
605,2025-03-09,Willie,Printer,Computers,3,2500,7500
606,2024-12-27,Tara,Smartphone,Mobiles,3,12000,36000
607,2025-02-12,Jason,Webcam,Accessories,4,350,1400
608,2025-02-10,Ricardo,Monitor,Computers,1,4000,4000
609,2024-12-23,Thomas,Webcam,Accessories,5,350,1750
610,2025-02-05,Benjamin,Laptop,Computers,5,15000,75000
611,2024-11-24,Heather,Mouse,Accessories,5,150,750
612,2024-11-22,Kevin,Charger,Accessories,3,100,300
613,2025-02-06,Jessica,Monitor,Computers,3,4000,12000
614,2025-04-24,Loretta,Printer,Computers,3,2500,7500
615,2024-12-12,Michael,Monitor,Computers,3,4000,12000
616,2025-04-20,Anne,Printer,Computers,1,2500,2500
617,2025-02-24,Amanda,Charger,Accessories,5,100,500
618,2025-02-24,Crystal,Laptop,Computers,3,15000,45000
619,2025-01-15,Richard,Smartphone,Mobiles,3,12000,36000
620,2024-11-22,James,Laptop,Computers,4,15000,60000
621,2025-03-09,Scott,Laptop,Computers,4,15000,60000
622,2025-04-04,Melody,Webcam,Accessories,3,350,1050
623,2025-05-07,Kimberly,Smartphone,Mobiles,5,12000,60000
624,2025-01-10,Jimmy,Smartphone,Mobiles,5,12000,60000
625,2025-05-17,David,Smartphone,Mobiles,4,12000,48000
626,2025-05-11,Chelsea,Charger,Accessories,4,100,400
627,2025-05-07,Sean,Mouse,Accessories,1,150,150
628,2025-02-19,Ricardo,Monitor,Computers,5,4000,20000
629,2025-02-28,Laura,Keyboard,Accessories,4,300,1200
630,2025-01-24,Leslie,Printer,Computers,1,2500,2500
631,2025-03-10,Justin,Tablet,Mobiles,5,8000,40000
632,2025-02-28,Sherri,Webcam,Accessories,2,350,700
633,2025-04-22,Phillip,Smartphone,Mobiles,4,12000,48000
634,2025-02-01,Debra,Printer,Computers,4,2500,10000
635,2025-01-12,Zachary,Tablet,Mobiles,2,8000,16000
636,2025-03-19,Monica,Tablet,Mobiles,3,8000,24000
637,2025-02-20,Sharon,Headphones,Accessories,4,200,800
638,2025-03-11,Courtney,Webcam,Accessories,1,350,350
639,2025-01-20,Charles,Laptop,Computers,5,15000,75000
640,2025-04-23,Steven,Monitor,Computers,3,4000,12000
641,2025-04-08,Tina,Charger,Accessories,3,100,300
642,2025-02-20,James,Monitor,Computers,1,4000,4000
643,2025-03-11,Tina,Monitor,Computers,5,4000,20000
644,2025-02-21,Gregory,Printer,Computers,3,2500,7500
645,2025-01-25,Maurice,Mouse,Accessories,5,150,750
646,2024-11-23,Joseph,Laptop,Computers,1,15000,15000
647,2024-12-18,Bruce,Printer,Computers,4,2500,10000
648,2025-04-29,Michele,Monitor,Computers,1,4000,4000
649,2025-03-06,Natalie,Headphones,Accessories,4,200,800
650,2025-04-01,John,Charger,Accessories,4,100,400
651,2024-12-05,Jorge,Monitor,Computers,2,4000,8000
652,2025-03-16,Jessica,Monitor,Computers,5,4000,20000
653,2025-05-08,Lauren,Smartphone,Mobiles,1,12000,12000
654,2025-04-26,Carlos,Monitor,Computers,4,4000,16000
655,2024-11-29,Lori,Smartphone,Mobiles,4,12000,48000
656,2025-01-02,Lisa,Charger,Accessories,5,100,500
657,2025-03-03,David,Charger,Accessories,2,100,200
658,2025-04-01,Ashley,Laptop,Computers,2,15000,30000
659,2025-02-01,Cynthia,Smartphone,Mobiles,3,12000,36000
660,2025-01-11,Brianna,Smartphone,Mobiles,2,12000,24000
661,2025-02-04,Kimberly,Headphones,Accessories,4,200,800
662,2024-11-23,Laura,Charger,Accessories,3,100,300
663,2025-02-14,Caroline,Laptop,Computers,1,15000,15000
664,2025-03-15,Ryan,Keyboard,Accessories,2,300,600
665,2025-02-14,Phillip,Webcam,Accessories,5,350,1750
666,2025-05-14,Jeffrey,Laptop,Computers,1,15000,15000
667,2025-04-12,Ashley,Printer,Computers,4,2500,10000
668,2025-01-17,Tina,Charger,Accessories,4,100,400
669,2025-02-06,Karen,Webcam,Accessories,4,350,1400
670,2025-01-03,Donna,Webcam,Accessories,3,350,1050
671,2024-12-03,Andrew,Monitor,Computers,1,4000,4000
672,2025-03-18,Cynthia,Keyboard,Accessories,1,300,300
673,2025-05-09,Holly,Webcam,Accessories,2,350,700
674,2024-11-28,Michelle,Smartphone,Mobiles,1,12000,12000
675,2025-01-18,Gregory,Charger,Accessories,5,100,500
676,2024-12-14,Victoria,Webcam,Accessories,3,350,1050
677,2025-03-12,Gregory,Keyboard,Accessories,5,300,1500
678,2025-02-15,Michael,Keyboard,Accessories,5,300,1500
679,2025-03-23,Theresa,Tablet,Mobiles,2,8000,16000
680,2025-03-06,Cynthia,Laptop,Computers,1,15000,15000
681,2025-03-15,George,Webcam,Accessories,3,350,1050
682,2025-03-25,Stephen,Charger,Accessories,2,100,200
683,2025-05-10,Mark,Tablet,Mobiles,4,8000,32000
684,2025-02-17,Sarah,Tablet,Mobiles,3,8000,24000
685,2025-04-28,Dana,Headphones,Accessories,5,200,1000
686,2025-04-27,Jessica,Laptop,Computers,4,15000,60000
687,2024-11-24,Mary,Laptop,Computers,3,15000,45000
688,2025-01-05,Brenda,Keyboard,Accessories,4,300,1200
689,2025-02-14,Edward,Printer,Computers,3,2500,7500
690,2025-05-18,Cynthia,Smartphone,Mobiles,4,12000,48000
691,2025-03-17,Amy,Charger,Accessories,2,100,200
692,2025-05-05,Monica,Charger,Accessories,4,100,400
693,2025-05-12,Megan,Mouse,Accessories,1,150,150
694,2025-04-13,Donald,Smartphone,Mobiles,3,12000,36000
695,2025-04-24,Melissa,Laptop,Computers,3,15000,45000
696,2025-01-05,Rachel,Tablet,Mobiles,4,8000,32000
697,2024-11-19,Russell,Charger,Accessories,1,100,100
698,2024-12-21,Justin,Keyboard,Accessories,5,300,1500
699,2025-03-30,Richard,Laptop,Computers,3,15000,45000
700,2024-12-24,Dominic,Mouse,Accessories,4,150,600
701,2025-05-17,Lucas,Smartphone,Mobiles,2,12000,24000
702,2025-02-25,George,Laptop,Computers,1,15000,15000
703,2024-11-20,Martin,Smartphone,Mobiles,3,12000,36000
704,2024-12-18,Tina,Smartphone,Mobiles,5,12000,60000
705,2025-05-15,Kimberly,Charger,Accessories,2,100,200
706,2024-12-03,Jay,Monitor,Computers,5,4000,20000
707,2025-03-22,Brian,Charger,Accessories,5,100,500
708,2025-01-08,Alan,Smartphone,Mobiles,3,12000,36000
709,2025-02-02,Nicole,Keyboard,Accessories,4,300,1200
710,2025-03-25,Brett,Tablet,Mobiles,4,8000,32000
711,2025-04-17,Antonio,Webcam,Accessories,5,350,1750
712,2025-05-09,Natalie,Printer,Computers,3,2500,7500
713,2025-03-24,Clayton,Monitor,Computers,3,4000,12000
714,2025-02-16,Joseph,Tablet,Mobiles,2,8000,16000
715,2025-02-03,Gloria,Charger,Accessories,3,100,300
716,2024-12-15,Joseph,Printer,Computers,5,2500,12500
717,2025-02-04,Thomas,Mouse,Accessories,2,150,300
718,2025-05-16,Elizabeth,Charger,Accessories,4,100,400
719,2025-02-10,John,Charger,Accessories,2,100,200
720,2025-03-30,Alexa,Webcam,Accessories,1,350,350
721,2025-02-05,Kimberly,Monitor,Computers,3,4000,12000
722,2025-01-09,Shannon,Keyboard,Accessories,3,300,900
723,2025-04-08,Aaron,Headphones,Accessories,2,200,400
724,2024-12-18,Danielle,Tablet,Mobiles,5,8000,40000
725,2025-02-14,Anna,Monitor,Computers,4,4000,16000
726,2025-03-11,Mary,Printer,Computers,5,2500,12500
727,2025-02-12,Jessica,Webcam,Accessories,4,350,1400
728,2025-03-20,Penny,Monitor,Computers,1,4000,4000
729,2024-12-22,Aaron,Webcam,Accessories,2,350,700
730,2025-04-01,John,Webcam,Accessories,5,350,1750
731,2024-11-20,Amanda,Mouse,Accessories,4,150,600
732,2025-05-17,Adrian,Printer,Computers,2,2500,5000
733,2025-02-12,Brian,Monitor,Computers,5,4000,20000
734,2025-03-14,Lindsay,Tablet,Mobiles,2,8000,16000
735,2025-01-12,Michelle,Printer,Computers,1,2500,2500
736,2025-02-07,Christopher,Headphones,Accessories,5,200,1000
737,2025-03-21,Michael,Mouse,Accessories,1,150,150
738,2025-01-11,Mark,Headphones,Accessories,3,200,600
739,2025-02-03,Leslie,Keyboard,Accessories,4,300,1200
740,2025-04-21,Melissa,Headphones,Accessories,5,200,1000
741,2024-11-26,Alec,Laptop,Computers,5,15000,75000
742,2025-04-15,Steven,Webcam,Accessories,1,350,350
743,2025-05-08,Leslie,Mouse,Accessories,1,150,150
744,2024-12-10,Richard,Mouse,Accessories,5,150,750
745,2025-01-02,Sophia,Headphones,Accessories,2,200,400
746,2025-05-04,Christina,Mouse,Accessories,4,150,600
747,2025-03-21,Barbara,Charger,Accessories,3,100,300
748,2025-03-01,Teresa,Monitor,Computers,2,4000,8000
749,2024-11-27,Sydney,Laptop,Computers,5,15000,75000
750,2025-01-25,Ryan,Charger,Accessories,4,100,400
751,2025-02-08,Lori,Charger,Accessories,1,100,100
752,2025-03-01,Nichole,Smartphone,Mobiles,1,12000,12000
753,2025-04-28,Ashley,Mouse,Accessories,3,150,450
754,2025-04-01,Mariah,Headphones,Accessories,2,200,400
755,2025-01-10,Tiffany,Charger,Accessories,2,100,200
756,2025-04-06,Paul,Printer,Computers,2,2500,5000
757,2024-12-26,David,Charger,Accessories,3,100,300
758,2025-02-04,Tina,Keyboard,Accessories,3,300,900
759,2025-04-11,Thomas,Charger,Accessories,4,100,400
760,2024-12-01,Kelly,Mouse,Accessories,1,150,150
761,2025-03-15,Ryan,Mouse,Accessories,4,150,600
762,2024-11-28,Michael,Monitor,Computers,5,4000,20000
763,2025-02-23,Ryan,Monitor,Computers,3,4000,12000
764,2025-01-17,Julie,Laptop,Computers,1,15000,15000
765,2024-12-07,Amber,Charger,Accessories,1,100,100
766,2024-11-27,Jean,Headphones,Accessories,1,200,200
767,2024-11-25,Alan,Laptop,Computers,4,15000,60000
768,2025-03-06,Angela,Mouse,Accessories,5,150,750
769,2025-05-18,Kelly,Webcam,Accessories,2,350,700
770,2024-12-28,Samuel,Monitor,Computers,1,4000,4000
771,2024-12-15,Jeffrey,Laptop,Computers,5,15000,75000
772,2024-12-06,Xavier,Laptop,Computers,1,15000,15000
773,2025-01-27,Jacqueline,Monitor,Computers,3,4000,12000
774,2025-01-11,Danielle,Laptop,Computers,4,15000,60000
775,2025-02-20,Michelle,Keyboard,Accessories,3,300,900
776,2025-03-23,Kaylee,Keyboard,Accessories,1,300,300
777,2025-05-19,Matthew,Keyboard,Accessories,5,300,1500
778,2025-01-12,Thomas,Headphones,Accessories,2,200,400
779,2025-01-30,Jose,Headphones,Accessories,5,200,1000
780,2025-02-19,Tara,Headphones,Accessories,4,200,800
781,2025-05-03,Cody,Laptop,Computers,2,15000,30000
782,2025-04-15,Kristina,Tablet,Mobiles,2,8000,16000
783,2025-05-19,Christopher,Headphones,Accessories,4,200,800
784,2025-02-05,Michelle,Keyboard,Accessories,2,300,600
785,2025-05-18,Mark,Headphones,Accessories,3,200,600
786,2024-12-27,Robert,Webcam,Accessories,2,350,700
787,2025-03-01,Haley,Tablet,Mobiles,5,8000,40000
788,2025-01-05,Matthew,Headphones,Accessories,4,200,800
789,2024-12-07,Miranda,Mouse,Accessories,3,150,450
790,2024-11-28,Melanie,Keyboard,Accessories,3,300,900
791,2025-05-12,Michael,Tablet,Mobiles,4,8000,32000
792,2025-05-02,Brett,Tablet,Mobiles,5,8000,40000
793,2025-01-07,Christopher,Monitor,Computers,4,4000,16000
794,2025-02-15,Kimberly,Keyboard,Accessories,2,300,600
795,2025-04-27,Christopher,Headphones,Accessories,4,200,800
796,2024-11-24,Amanda,Mouse,Accessories,3,150,450
797,2025-01-02,Emily,Tablet,Mobiles,4,8000,32000
798,2024-12-22,Justin,Smartphone,Mobiles,3,12000,36000
799,2025-04-26,Paul,Monitor,Computers,5,4000,20000
800,2025-04-06,Hannah,Monitor,Computers,5,4000,20000
801,2025-01-21,Tom,Mouse,Accessories,5,150,750
802,2025-02-25,Andrew,Tablet,Mobiles,1,8000,8000
803,2024-12-09,Danielle,Monitor,Computers,2,4000,8000
804,2025-05-10,Mark,Charger,Accessories,3,100,300
805,2025-03-04,Alexandria,Keyboard,Accessories,1,300,300
806,2024-11-27,Jerry,Mouse,Accessories,5,150,750
807,2025-02-09,Michael,Printer,Computers,2,2500,5000
808,2025-01-02,Rachael,Charger,Accessories,1,100,100
809,2025-01-12,Mark,Headphones,Accessories,1,200,200
810,2024-12-14,Tim,Headphones,Accessories,3,200,600
811,2025-04-27,Carol,Tablet,Mobiles,3,8000,24000
812,2024-11-23,Karen,Monitor,Computers,3,4000,12000
813,2025-04-10,Kyle,Webcam,Accessories,4,350,1400
814,2025-01-22,Kevin,Charger,Accessories,2,100,200
815,2025-02-12,Christie,Keyboard,Accessories,4,300,1200
816,2025-01-15,Lisa,Keyboard,Accessories,5,300,1500
817,2025-03-19,Zachary,Charger,Accessories,1,100,100
818,2025-05-17,Timothy,Headphones,Accessories,1,200,200
819,2025-04-05,Charles,Headphones,Accessories,2,200,400
820,2025-04-08,Benjamin,Tablet,Mobiles,5,8000,40000
821,2025-05-12,Teresa,Webcam,Accessories,2,350,700
822,2025-04-26,Heather,Monitor,Computers,2,4000,8000
823,2024-12-07,Gabriel,Keyboard,Accessories,2,300,600
824,2025-01-13,Eric,Webcam,Accessories,5,350,1750
825,2025-03-04,Jeffrey,Headphones,Accessories,5,200,1000
826,2024-11-19,Matthew,Tablet,Mobiles,3,8000,24000
827,2025-05-06,Ryan,Webcam,Accessories,2,350,700
828,2025-01-03,Andre,Keyboard,Accessories,3,300,900
829,2025-04-20,Laurie,Mouse,Accessories,4,150,600
830,2025-03-27,Rebecca,Mouse,Accessories,4,150,600
831,2025-01-23,Valerie,Laptop,Computers,4,15000,60000
832,2025-01-15,Alex,Printer,Computers,4,2500,10000
833,2025-03-04,Cody,Webcam,Accessories,5,350,1750
834,2025-04-30,Deborah,Monitor,Computers,5,4000,20000
835,2025-04-23,Lori,Smartphone,Mobiles,3,12000,36000
836,2024-12-25,Eric,Webcam,Accessories,3,350,1050
837,2025-01-28,Nancy,Monitor,Computers,5,4000,20000
838,2025-03-01,Samantha,Monitor,Computers,1,4000,4000
839,2025-03-06,Michael,Headphones,Accessories,5,200,1000
840,2025-02-25,Michele,Charger,Accessories,5,100,500
841,2025-04-16,Angela,Tablet,Mobiles,5,8000,40000
842,2025-02-15,Donald,Tablet,Mobiles,3,8000,24000
843,2025-03-30,Karen,Charger,Accessories,3,100,300
844,2025-03-03,Ashley,Mouse,Accessories,2,150,300
845,2024-12-31,Bradley,Headphones,Accessories,1,200,200
846,2024-12-02,Don,Charger,Accessories,2,100,200
847,2025-04-22,Stacey,Webcam,Accessories,5,350,1750
848,2025-04-04,Oscar,Mouse,Accessories,3,150,450
849,2025-03-31,David,Smartphone,Mobiles,3,12000,36000
850,2025-04-18,Shelly,Keyboard,Accessories,5,300,1500
851,2025-01-25,Travis,Printer,Computers,3,2500,7500
852,2025-04-12,Samantha,Charger,Accessories,1,100,100
853,2024-12-02,Jacqueline,Mouse,Accessories,4,150,600
854,2025-01-28,John,Monitor,Computers,1,4000,4000
855,2025-04-01,Dominic,Charger,Accessories,2,100,200
856,2025-05-18,Jose,Tablet,Mobiles,4,8000,32000
857,2024-11-22,Kathleen,Mouse,Accessories,4,150,600
858,2025-04-25,Cody,Keyboard,Accessories,1,300,300
859,2025-03-01,Jill,Mouse,Accessories,4,150,600
860,2024-11-29,Christina,Laptop,Computers,5,15000,75000
861,2024-12-25,Eric,Laptop,Computers,2,15000,30000
862,2025-04-22,Sandy,Keyboard,Accessories,2,300,600
863,2025-04-18,Travis,Keyboard,Accessories,5,300,1500
864,2025-03-28,Marcia,Monitor,Computers,2,4000,8000
865,2025-04-15,Dawn,Headphones,Accessories,5,200,1000
866,2024-12-14,Kelsey,Charger,Accessories,2,100,200
867,2025-04-05,Ray,Tablet,Mobiles,2,8000,16000
868,2024-12-13,Elizabeth,Headphones,Accessories,2,200,400
869,2024-11-26,Eric,Tablet,Mobiles,4,8000,32000
870,2025-01-31,Zachary,Smartphone,Mobiles,4,12000,48000
871,2025-04-26,Lisa,Monitor,Computers,3,4000,12000
872,2025-04-06,Daniel,Smartphone,Mobiles,1,12000,12000
873,2025-03-13,Lindsey,Tablet,Mobiles,3,8000,24000
874,2024-12-25,Edward,Keyboard,Accessories,5,300,1500
875,2025-03-18,Scott,Tablet,Mobiles,4,8000,32000
876,2025-03-11,Cathy,Mouse,Accessories,4,150,600
877,2025-01-15,James,Printer,Computers,3,2500,7500
878,2025-03-21,Kenneth,Printer,Computers,5,2500,12500
879,2024-12-19,George,Tablet,Mobiles,4,8000,32000
880,2025-01-11,Felicia,Monitor,Computers,5,4000,20000
881,2024-12-09,Christina,Mouse,Accessories,2,150,300
882,2025-04-11,Shirley,Laptop,Computers,2,15000,30000
883,2024-12-28,Holly,Tablet,Mobiles,5,8000,40000
884,2024-12-18,Nicole,Monitor,Computers,4,4000,16000
885,2025-04-30,Mary,Charger,Accessories,1,100,100
886,2025-05-01,Robert,Smartphone,Mobiles,2,12000,24000
887,2025-02-13,Heather,Smartphone,Mobiles,3,12000,36000
888,2024-12-12,Richard,Laptop,Computers,5,15000,75000
889,2025-02-04,Bruce,Printer,Computers,3,2500,7500
890,2025-01-10,Heather,Mouse,Accessories,2,150,300
891,2025-02-23,Marcus,Webcam,Accessories,4,350,1400
892,2025-01-05,Richard,Smartphone,Mobiles,4,12000,48000
893,2025-02-03,Robert,Smartphone,Mobiles,2,12000,24000
894,2024-11-29,Kara,Webcam,Accessories,2,350,700
895,2024-11-30,Mallory,Printer,Computers,4,2500,10000
896,2025-02-14,Nathan,Charger,Accessories,1,100,100
897,2025-02-06,Daniel,Charger,Accessories,1,100,100
898,2025-03-13,Erin,Smartphone,Mobiles,2,12000,24000
899,2025-03-22,Jeffrey,Keyboard,Accessories,4,300,1200
900,2025-01-13,Carlos,Printer,Computers,1,2500,2500
901,2024-12-03,Jennifer,Charger,Accessories,1,100,100
902,2025-02-20,Monique,Smartphone,Mobiles,4,12000,48000
903,2025-04-09,Andrew,Webcam,Accessories,1,350,350
904,2025-01-21,Phillip,Keyboard,Accessories,4,300,1200
905,2024-12-19,James,Headphones,Accessories,3,200,600
906,2024-12-25,Margaret,Monitor,Computers,5,4000,20000
907,2025-01-06,Tony,Smartphone,Mobiles,1,12000,12000
908,2025-04-23,Dustin,Webcam,Accessories,4,350,1400
909,2025-01-21,Kayla,Keyboard,Accessories,3,300,900
910,2025-02-10,Maria,Laptop,Computers,2,15000,30000
911,2025-03-24,Tara,Charger,Accessories,1,100,100
912,2024-12-26,Zachary,Mouse,Accessories,3,150,450
913,2025-02-24,Patricia,Charger,Accessories,5,100,500
914,2025-04-22,Brittany,Tablet,Mobiles,5,8000,40000
915,2025-01-23,Brittney,Headphones,Accessories,5,200,1000
916,2025-04-17,Jill,Monitor,Computers,5,4000,20000
917,2024-12-30,Leah,Headphones,Accessories,1,200,200
918,2025-04-20,Abigail,Monitor,Computers,4,4000,16000
919,2024-12-30,Jose,Keyboard,Accessories,3,300,900
920,2025-04-14,Steven,Charger,Accessories,4,100,400
921,2025-05-05,Helen,Laptop,Computers,1,15000,15000
922,2024-11-22,Teresa,Mouse,Accessories,4,150,600
923,2024-12-31,Christopher,Printer,Computers,5,2500,12500
924,2025-01-07,Derrick,Webcam,Accessories,1,350,350
925,2025-03-14,Robert,Charger,Accessories,2,100,200
926,2025-04-21,Gina,Headphones,Accessories,2,200,400
927,2024-11-30,Amanda,Smartphone,Mobiles,1,12000,12000
928,2025-03-05,Francis,Monitor,Computers,2,4000,8000
929,2025-03-15,Victor,Monitor,Computers,1,4000,4000
930,2024-12-13,Tonya,Charger,Accessories,4,100,400
931,2025-05-14,Annette,Printer,Computers,4,2500,10000
932,2025-03-01,Dylan,Monitor,Computers,5,4000,20000
933,2024-12-10,Nicholas,Charger,Accessories,5,100,500
934,2025-05-10,Angela,Laptop,Computers,3,15000,45000
935,2024-12-08,Haley,Headphones,Accessories,2,200,400
936,2025-01-18,Alexandra,Webcam,Accessories,2,350,700
937,2024-11-21,Stephanie,Keyboard,Accessories,4,300,1200
938,2024-12-22,Eric,Monitor,Computers,4,4000,16000
939,2025-03-20,Jessica,Charger,Accessories,5,100,500
940,2025-04-19,Kelly,Laptop,Computers,3,15000,45000
941,2025-02-13,Rick,Smartphone,Mobiles,3,12000,36000
942,2024-12-05,Jessica,Webcam,Accessories,1,350,350
943,2025-02-01,Margaret,Monitor,Computers,1,4000,4000
944,2024-12-24,Taylor,Tablet,Mobiles,4,8000,32000
945,2024-12-08,Collin,Monitor,Computers,2,4000,8000
946,2024-12-31,Michelle,Monitor,Computers,3,4000,12000
947,2025-05-19,Donna,Charger,Accessories,4,100,400
948,2025-04-23,Jennifer,Headphones,Accessories,5,200,1000
949,2025-01-11,Travis,Printer,Computers,5,2500,12500
950,2024-11-26,Alejandro,Headphones,Accessories,3,200,600
951,2025-02-12,Glenn,Keyboard,Accessories,4,300,1200
952,2024-11-28,Antonio,Webcam,Accessories,5,350,1750
953,2025-02-24,Gary,Mouse,Accessories,5,150,750
954,2025-03-01,Anthony,Smartphone,Mobiles,4,12000,48000
955,2024-12-13,David,Charger,Accessories,2,100,200
956,2025-03-24,Adrienne,Monitor,Computers,3,4000,12000
957,2025-02-06,Danielle,Keyboard,Accessories,2,300,600
958,2024-12-14,Juan,Charger,Accessories,5,100,500
959,2024-12-20,Pamela,Keyboard,Accessories,4,300,1200
960,2025-02-03,Tara,Smartphone,Mobiles,2,12000,24000
961,2025-02-23,Samuel,Smartphone,Mobiles,4,12000,48000
962,2024-11-26,Stephanie,Keyboard,Accessories,5,300,1500
963,2025-04-08,John,Tablet,Mobiles,1,8000,8000
964,2024-12-08,Sarah,Mouse,Accessories,1,150,150
965,2025-05-09,Justin,Charger,Accessories,5,100,500
966,2025-04-12,Kelly,Webcam,Accessories,3,350,1050
967,2025-04-03,Meghan,Keyboard,Accessories,1,300,300
968,2025-01-31,Michelle,Printer,Computers,2,2500,5000
969,2025-01-07,Jeffery,Laptop,Computers,5,15000,75000
970,2025-01-02,Thomas,Webcam,Accessories,1,350,350
971,2025-02-15,Martha,Tablet,Mobiles,2,8000,16000
972,2025-02-19,Aaron,Laptop,Computers,1,15000,15000
973,2025-03-18,Jacob,Webcam,Accessories,3,350,1050
974,2024-12-28,Brenda,Mouse,Accessories,3,150,450
975,2025-03-08,Cassandra,Printer,Computers,1,2500,2500
976,2025-01-09,Timothy,Charger,Accessories,3,100,300
977,2025-03-31,Joseph,Smartphone,Mobiles,5,12000,60000
978,2025-03-13,Tricia,Charger,Accessories,1,100,100
979,2025-02-18,Ryan,Tablet,Mobiles,2,8000,16000
980,2025-04-04,Alicia,Keyboard,Accessories,3,300,900
981,2025-02-26,Andrew,Webcam,Accessories,3,350,1050
982,2025-02-02,Vanessa,Printer,Computers,3,2500,7500
983,2025-05-04,Michael,Headphones,Accessories,1,200,200
984,2025-05-13,Shelly,Headphones,Accessories,2,200,400
985,2024-11-24,Matthew,Webcam,Accessories,2,350,700
986,2025-03-24,Elizabeth,Charger,Accessories,3,100,300
987,2025-02-14,Janet,Smartphone,Mobiles,1,12000,12000
988,2024-12-23,Wendy,Laptop,Computers,4,15000,60000
989,2024-11-23,Denise,Headphones,Accessories,2,200,400
990,2024-12-11,Anthony,Monitor,Computers,2,4000,8000
991,2024-11-29,David,Webcam,Accessories,2,350,700
992,2025-02-12,Cheyenne,Webcam,Accessories,3,350,1050
993,2024-11-30,Dylan,Webcam,Accessories,4,350,1400
994,2024-12-11,Anthony,Monitor,Computers,3,4000,12000
995,2025-01-29,Scott,Smartphone,Mobiles,3,12000,36000
996,2025-01-13,Laura,Tablet,Mobiles,5,8000,40000
997,2025-01-03,Steven,Tablet,Mobiles,4,8000,32000
998,2025-01-06,Daniel,Headphones,Accessories,3,200,600
999,2024-12-19,Michael,Smartphone,Mobiles,2,12000,24000
1000,2025-03-24,Ricky,Tablet,Mobiles,1,8000,8000
